"Id","Name","Direction"
"2","s_login_version","client_to_server"
"3","s_login_reconnect","client_to_server"
"4","c_login_version","server_to_client"
"5","c_login_error","server_to_client"
"6","c_data_begin","server_to_client"
"7","c_data_fragment","server_to_client"
"8","c_data_end","server_to_client"
"9","c_chunk","server_to_client"
"10","s_new_udp_connect","client_to_server"
"11","c_new_udp_connect","server_to_client"
"12","c_udp_connect_error","server_to_client"
"13","c_peak_battle_task_info","server_to_client"
"14","s_sendprize_exchange_count","client_to_server"
"15","s_league_tech_shop_manager","client_to_server"
"16","c_crosspvp_point","server_to_client"
"17","s_peak_battle_group_info","client_to_server"
"18","s_stage_activity_info","client_to_server"
"19","c_battlefield_task_update","server_to_client"
"20","s_campaign_fight","client_to_server"
"21","s_scene_sync_pos","client_to_server"
"22","c_training_hero_info","server_to_client"
"23","c_theater_unlock","server_to_client"
"24","s_team_recruit","client_to_server"
"25","s_time_ping_up","client_to_server"
"26","s_achieve_open","client_to_server"
"27","c_stage_choose_loading","server_to_client"
"28","c_act_hero_bp_active","server_to_client"
"29","c_server_frame_local","server_to_client"
"30","c_card_support_skill","server_to_client"
"31","c_zhanling_info","server_to_client"
"32","c_pressure_task_reward","server_to_client"
"33","s_team_commend","client_to_server"
"34","c_chaos_match_cancel","server_to_client"
"35","s_friend_quick_send_strength","client_to_server"
"36","s_danmu_change_icon","client_to_server"
"37","c_peak_battle_primary_change_hero","server_to_client"
"38","c_stage_activity_info","server_to_client"
"39","s_guide_finish","client_to_server"
"40","c_peak_battle_ban_hero","server_to_client"
"41","c_crosspvp_match","server_to_client"
"42","c_frame_new_correct_do","server_to_client"
"43","c_stage_crosspvp_pos","server_to_client"
"44","c_home_furniture_produce_update_list","server_to_client"
"45","c_act_team_info","server_to_client"
"46","s_scene_line_change","client_to_server"
"47","s_attached_lot_compose","client_to_server"
"48","s_battlefield_pk_cancel_invite","client_to_server"
"49","c_league_invite_del","server_to_client"
"50","c_herochip_stage_finish","server_to_client"
"51","s_pay_check","client_to_server"
"52","c_entrust_task_del","server_to_client"
"53","c_interaction_use_mood","server_to_client"
"54","c_userinfo_badge","server_to_client"
"55","s_equip_dieset_enhance","client_to_server"
"56","c_act_exercise_info","server_to_client"
"57","c_chat_frame_info","server_to_client"
"58","c_attached_card_reform","server_to_client"
"59","c_campaign_task_finish","server_to_client"
"60","s_business_extend_info","client_to_server"
"61","c_peak_battle_primary_ready_fight","server_to_client"
"62","c_userinfo_location_set","server_to_client"
"63","s_frame_obj_report_local","client_to_server"
"64","c_league_up_level","server_to_client"
"65","s_league_pvp_result","client_to_server"
"66","c_group_team_invite","server_to_client"
"67","s_interaction_config_exchange","client_to_server"
"68","s_peak_battle_primary_ready_fight","client_to_server"
"69","c_act_exchange_update","server_to_client"
"70","c_act_return_update","server_to_client"
"71","s_new_hero_fight","client_to_server"
"72","s_league_audit_panel","client_to_server"
"73","c_home_furniture_produce_list","server_to_client"
"74","s_danmu_update","client_to_server"
"75","c_card_resonance_lvup","server_to_client"
"76","s_league_up_level","client_to_server"
"77","s_entrust_task_list","client_to_server"
"78","c_battlefield_pk_ready","server_to_client"
"79","c_attached_card_active_book","server_to_client"
"80","s_group_enter_area","client_to_server"
"81","s_group_team_choose_list","client_to_server"
"82","s_toplist_pages","client_to_server"
"83","c_reddot_update","server_to_client"
"84","c_group_team_apply_clear","server_to_client"
"85","c_top_level_update","server_to_client"
"86","s_server_frame_local","client_to_server"
"87","s_friend_quick_recive_strength","client_to_server"
"88","s_offlinepvp_info","client_to_server"
"89","s_city_level_click","client_to_server"
"90","c_fashion_info","server_to_client"
"91","s_equip_lock","client_to_server"
"92","c_battlefield_task_finish","server_to_client"
"93","c_chaos_protect_score","server_to_client"
"94","s_league_tech_pre_buy","client_to_server"
"95","c_toplist_first","server_to_client"
"96","s_platform_access_friend_share_panel","client_to_server"
"97","s_scene_leave_seamless","client_to_server"
"98","s_stage_finish_loading","client_to_server"
"99","c_group_result","server_to_client"
"100","c_rogue_endless_phase","server_to_client"
"101","s_theater_bonus","client_to_server"
"102","s_league_rank_week_no","client_to_server"
"103","s_area_event_hero_list","client_to_server"
"104","s_act_daily_stage_enter","client_to_server"
"105","s_home_role_mood_list","client_to_server"
"106","s_team_action","client_to_server"
"107","c_team_auto_acc","server_to_client"
"108","c_league_sync_attr_int","server_to_client"
"109","c_act_goods_buy","server_to_client"
"110","s_battlefield_task_reward","client_to_server"
"111","s_training_finish","client_to_server"
"112","s_league_tech_buy","client_to_server"
"113","s_avatar_use","client_to_server"
"114","c_userinfo_sex_set","server_to_client"
"115","c_battlefield_pk_invite","server_to_client"
"116","s_theater_unlock","client_to_server"
"117","s_skill_spec_reset","client_to_server"
"118","c_league_pvp_view_member_records","server_to_client"
"119","s_equip_off","client_to_server"
"120","c_league_tech_progress_reward","server_to_client"
"121","s_act_magic_shop_draw","client_to_server"
"122","c_scene_interaction_change","server_to_client"
"123","s_equip_remould","client_to_server"
"124","s_log_push_gift","client_to_server"
"125","c_league_boss_panel","server_to_client"
"126","c_stage_finish_times","server_to_client"
"127","s_league_modify_ad","client_to_server"
"128","c_league_pvp_stage_data","server_to_client"
"129","c_comment_reply_list","server_to_client"
"130","s_office_pick_daily","client_to_server"
"131","c_group_stage_status","server_to_client"
"132","s_friend_accept","client_to_server"
"133","s_comment_reply","client_to_server"
"134","s_league_pvp_view_panel","client_to_server"
"135","s_act_mini_game_report","client_to_server"
"136","c_crosspvp_buy","server_to_client"
"137","c_theater_open","server_to_client"
"138","c_equip_enhance","server_to_client"
"139","s_send_pvp_report_data","client_to_server"
"140","s_friend_delblack","client_to_server"
"141","c_hero_rank_star_reward_update","server_to_client"
"142","c_rogue_pass_info","server_to_client"
"143","c_team_change_hero","server_to_client"
"144","c_battlefield_task_reward","server_to_client"
"145","c_act_hero_task_update","server_to_client"
"146","c_skill_get_skill_level","server_to_client"
"147","s_battlefield_solo_info","client_to_server"
"148","s_battlefield_pk_handle","client_to_server"
"149","c_master_shop_buy","server_to_client"
"150","s_stage_damage_info","client_to_server"
"151","c_secret_insert_key","server_to_client"
"152","c_team_acc_invite","server_to_client"
"153","c_rogue_pass_exit","server_to_client"
"154","c_team_deal_apply","server_to_client"
"155","c_league_tech_shop_manager","server_to_client"
"156","c_puzzle_update","server_to_client"
"157","s_lantern_hit","client_to_server"
"158","s_async_cfg_check","client_to_server"
"159","s_training_enter","client_to_server"
"160","s_top_level_info","client_to_server"
"161","c_achieve_overview","server_to_client"
"162","c_usj_update_score","server_to_client"
"163","c_night_fight_floor_reward","server_to_client"
"164","c_offlinepvp_pro_reward","server_to_client"
"165","s_act_eye_sight_report","client_to_server"
"166","s_ping_fight_list","client_to_server"
"167","s_battlefield_pk_quit","client_to_server"
"168","s_battlefield_solo_reward","client_to_server"
"169","s_puzzle_reward","client_to_server"
"170","s_admission_manual_sync_info","client_to_server"
"171","c_interaction_data","server_to_client"
"172","c_league_icon","server_to_client"
"173","s_peak_battle_honor_info","client_to_server"
"174","s_office_pick_weekly","client_to_server"
"175","c_team_offline","server_to_client"
"176","c_battlefield_solo_update","server_to_client"
"177","s_userinfo_info","client_to_server"
"178","c_base_station_activate","server_to_client"
"179","c_act_pickbox_update","server_to_client"
"180","s_peak_battle_primary_change_hero","client_to_server"
"181","c_peak_battle_primary_info","server_to_client"
"182","s_group_channel_load","client_to_server"
"183","c_admission_manual_sync_info","server_to_client"
"184","c_league_ad_panel","server_to_client"
"185","s_campaign_buy","client_to_server"
"186","s_pay_info","client_to_server"
"187","c_chat_public","server_to_client"
"188","s_league_board_comment_oper","client_to_server"
"189","s_group_open_map","client_to_server"
"190","c_league_change_name","server_to_client"
"191","s_act_empty_shop_stage_reenter","client_to_server"
"192","s_flipcard_total_reward","client_to_server"
"193","s_training_info","client_to_server"
"194","c_egg_task_add","server_to_client"
"195","s_relax_cond_get_reward","client_to_server"
"196","s_secret_apply_insert_key","client_to_server"
"197","c_week_sign_info","server_to_client"
"198","s_offlinepvp_note","client_to_server"
"199","s_sendprize_exchange","client_to_server"
"200","s_pressure_like_info","client_to_server"
"201","c_secret_area_history","server_to_client"
"202","c_peak_battle_honor_info","server_to_client"
"203","s_stage_achievement_finish","client_to_server"
"204","c_act_client_trigger_info","server_to_client"
"205","c_scene_player_create","server_to_client"
"206","c_area_event_fight_over","server_to_client"
"207","c_all_server_cond_get_info","server_to_client"
"208","c_user_update","server_to_client"
"209","s_group_team_create","client_to_server"
"210","s_gem_resolve","client_to_server"
"211","c_peak_battle_primary_seat_info","server_to_client"
"212","s_campaign_leave","client_to_server"
"213","s_act_boss_challenge_svr_point","client_to_server"
"214","s_resident_enter","client_to_server"
"215","s_campaign_control_update","client_to_server"
"216","c_time_ping","server_to_client"
"217","c_collect_info","server_to_client"
"218","s_peak_battle_primary_shop_count","client_to_server"
"219","c_growth_fund_info","server_to_client"
"220","c_business_extend_report","server_to_client"
"221","c_chaos_info","server_to_client"
"222","s_scene_shape_cachedata","client_to_server"
"223","c_act_winding_sync_info","server_to_client"
"224","c_group_play_sync","server_to_client"
"225","s_world_task_pick_prestige","client_to_server"
"226","s_group_quit","client_to_server"
"227","c_activity_shop_info","server_to_client"
"228","c_relax_stage_finish","server_to_client"
"229","c_team_ask_for_leader","server_to_client"
"230","c_league_apply","server_to_client"
"231","c_world_task_extra_reward","server_to_client"
"232","c_business_extend_info","server_to_client"
"233","c_league_board_public","server_to_client"
"234","c_pay_info","server_to_client"
"235","s_crosspvp_top_list","client_to_server"
"236","s_peak_battle_group_ready","client_to_server"
"237","s_login_drama","client_to_server"
"238","s_team_back_room","client_to_server"
"239","c_scene_line_info","server_to_client"
"240","c_act_mini_game_enter","server_to_client"
"241","s_stage_time_pause","client_to_server"
"242","c_secret_apply_insert_key","server_to_client"
"243","c_item_update_use_count","server_to_client"
"244","s_friend_send_msg","client_to_server"
"245","s_friend_addblack","client_to_server"
"246","c_user_sync_int","server_to_client"
"247","c_frame_new_correct","server_to_client"
"248","c_grid_box_reset","server_to_client"
"249","c_group_channel_list","server_to_client"
"250","c_all_server_cond_list","server_to_client"
"251","c_group_obj_info","server_to_client"
"252","c_hero_rank_info","server_to_client"
"253","c_city_level_click","server_to_client"
"254","c_act_ach_info","server_to_client"
"255","s_league_pvp_enter_scene","client_to_server"
"256","c_team_clear_apply","server_to_client"
"257","c_secret_area_stage_finish","server_to_client"
"258","c_act_allsvr_stage_info","server_to_client"
"259","c_achieve_open","server_to_client"
"260","s_league_money_log","client_to_server"
"261","c_home_owner_info","server_to_client"
"262","s_friend_getinfo","client_to_server"
"263","s_resource_stage_info","client_to_server"
"264","c_item_del","server_to_client"
"265","c_teach_pvp","server_to_client"
"266","s_league_invite","client_to_server"
"267","s_group_team_apply","client_to_server"
"268","c_friend_sync_qinmi","server_to_client"
"269","c_zhanling_active","server_to_client"
"270","c_avatar_unlock","server_to_client"
"271","c_relax_stage_sync_times","server_to_client"
"272","c_chaos_choose_info","server_to_client"
"273","c_campaign_buy","server_to_client"
"274","c_theater_bonus","server_to_client"
"275","c_team_change_leader","server_to_client"
"276","s_login_account_enter","client_to_server"
"277","s_peak_battle_primary_reset_cd","client_to_server"
"278","s_item_sell","client_to_server"
"279","c_act_attr_update","server_to_client"
"280","s_flipcard_flip","client_to_server"
"281","c_area_event_wipe","server_to_client"
"282","c_skill_spec_reset","server_to_client"
"283","s_group_team_change_leader","client_to_server"
"284","c_attached_card_sync_reform","server_to_client"
"285","s_rogue_benefit_choose","client_to_server"
"286","s_act_get_reward","client_to_server"
"287","c_friend_find","server_to_client"
"288","c_comment_delcomment","server_to_client"
"289","c_act_rescue_top","server_to_client"
"290","c_team_action","server_to_client"
"291","c_userinfo_tag","server_to_client"
"292","c_league_rank_week_no","server_to_client"
"293","s_friend_sync_int","client_to_server"
"294","c_league_tech_join","server_to_client"
"295","c_battlefield_pk_cancel_invite_ret","server_to_client"
"296","s_comment_delcomment","client_to_server"
"297","c_card_feed","server_to_client"
"298","c_rune_oper","server_to_client"
"299","c_income_buff_info","server_to_client"
"300","c_scene_trigger_state","server_to_client"
"301","s_league_pvp_quit","client_to_server"
"302","s_peak_battle_bet_info","client_to_server"
"303","s_base_station_activate","client_to_server"
"304","c_stage_leave","server_to_client"
"305","s_collect_info","client_to_server"
"306","c_offlinepvp_rank_up","server_to_client"
"307","s_card_take_bio_reward","client_to_server"
"308","s_comment_like","client_to_server"
"309","c_hero_rank_star_update","server_to_client"
"310","c_league_tech_modify_notic","server_to_client"
"311","s_chaos_fight_record","client_to_server"
"312","c_act_boss_challenge_svr_point","server_to_client"
"313","s_pay_item_confirm","client_to_server"
"314","c_act_winding_sub_toplist","server_to_client"
"315","s_act_boss_challenge_svr_ach_reward","client_to_server"
"316","s_league_pvp_view_info","client_to_server"
"317","c_act_allsvr_stage_update_boss","server_to_client"
"318","c_league_tech_normal_event_info","server_to_client"
"319","s_comment_list","client_to_server"
"320","s_campaign_sync_pos","client_to_server"
"321","c_rune_lock","server_to_client"
"322","c_theater_finish","server_to_client"
"323","c_group_team_swap_pos","server_to_client"
"324","s_softball_throw","client_to_server"
"325","s_offlinepvp_fight","client_to_server"
"326","s_friend_delfriend","client_to_server"
"327","c_danmu_get_total_amount","server_to_client"
"328","c_lantern_info","server_to_client"
"329","s_peak_battle_get_task_reward","client_to_server"
"330","s_act_return_check_goods","client_to_server"
"331","c_gem_list","server_to_client"
"332","s_master_shop_buy","client_to_server"
"333","c_equip_merge_to","server_to_client"
"334","c_campaign_hero_info_update","server_to_client"
"335","c_scene_player_delete","server_to_client"
"336","s_grid_box_lottery","client_to_server"
"337","c_pressure_stage_detail","server_to_client"
"338","c_home_like","server_to_client"
"339","s_friend_quick_deal_with_apply","client_to_server"
"340","s_exchange_code","client_to_server"
"341","c_usj_enter_stage","server_to_client"
"342","c_once_recharge_info","server_to_client"
"343","c_chaos_season_info","server_to_client"
"344","c_usj_load","server_to_client"
"345","c_league_search","server_to_client"
"346","c_hero_rank_stage_info","server_to_client"
"347","c_act_ach_update","server_to_client"
"348","s_mail_delete","client_to_server"
"349","c_lantern_hit","server_to_client"
"350","s_act_user_info","client_to_server"
"351","c_userinfo_hero_set","server_to_client"
"352","c_team_attr","server_to_client"
"353","c_league_tech_shop_discount","server_to_client"
"354","s_act_eye_sight_enter","client_to_server"
"355","c_userinfo_other","server_to_client"
"356","c_flipcard_update_pathway","server_to_client"
"357","c_scene_play_drama","server_to_client"
"358","s_zhanling_get_reward","client_to_server"
"359","c_card_lock","server_to_client"
"360","s_scene_jump","client_to_server"
"361","s_monthly_card_sign","client_to_server"
"362","c_mail_get_attach","server_to_client"
"363","c_secret_area_cycle_record","server_to_client"
"364","s_league_boss_panel","client_to_server"
"365","c_team_new","server_to_client"
"366","s_act_team_quit","client_to_server"
"367","c_secret_area_players","server_to_client"
"368","s_toplist_page","client_to_server"
"369","s_top_broadcast_secret_rangeId","client_to_server"
"370","s_league_invite_done","client_to_server"
"371","s_rogue_save","client_to_server"
"372","s_battlefield_pk_ready","client_to_server"
"373","c_battlefield_solo_info","server_to_client"
"374","s_act_boss_challenge_join","client_to_server"
"375","c_act_sport_race_info","server_to_client"
"376","s_world_task_reward_rate","client_to_server"
"377","s_danmu_get_total_amount","client_to_server"
"378","c_rogue_pass_end","server_to_client"
"379","s_stage_achievement_info","client_to_server"
"380","s_fenshen_end","client_to_server"
"381","c_act_hero_bp_update","server_to_client"
"382","s_home_unlock","client_to_server"
"383","c_act_double_resource_info","server_to_client"
"384","c_campaign_trigger_on_map_update","server_to_client"
"385","c_league_tech_shop_buy","server_to_client"
"386","s_stage_report","client_to_server"
"387","c_frame_fighter_data","server_to_client"
"388","c_gem_bag_new","server_to_client"
"389","c_usj_get_end_reward","server_to_client"
"390","c_home_send_all_home_data","server_to_client"
"391","c_card_go_to_fight","server_to_client"
"392","c_campaign_property_add","server_to_client"
"393","s_battlefield_task_replace","client_to_server"
"394","c_interaction_from_other","server_to_client"
"395","c_act_periodic_task_update","server_to_client"
"396","s_area_event_reset_stage_times","client_to_server"
"397","c_crosspvp_hot","server_to_client"
"398","s_task_submit","client_to_server"
"399","c_comment_delreply","server_to_client"
"400","s_welfare_strength_supply","client_to_server"
"401","c_stage_back_finish","server_to_client"
"402","c_league_simple_info","server_to_client"
"403","s_league_log","client_to_server"
"404","c_level_up","server_to_client"
"405","c_group_team_kick","server_to_client"
"406","s_home_floor_lvup","client_to_server"
"407","s_equip_attr_switch","client_to_server"
"408","c_mail_get_list","server_to_client"
"409","c_offlinepvp_info","server_to_client"
"410","s_userinfo_birthday_hide","client_to_server"
"411","s_emergency_sync","client_to_server"
"412","c_task_enter_stage","server_to_client"
"413","c_share_reward","server_to_client"
"414","s_crosspvp_ace","client_to_server"
"415","c_stage_achievement_info","server_to_client"
"416","c_league_pvp_apply","server_to_client"
"417","c_stage_activity_reward","server_to_client"
"418","s_league_appoint","client_to_server"
"419","c_friend_send_msg","server_to_client"
"420","c_chaos_settle","server_to_client"
"421","c_act_team_task","server_to_client"
"422","s_crosspvp_note","client_to_server"
"423","s_stage_theater","client_to_server"
"424","s_usj_enter_stage","client_to_server"
"425","c_world_task_ignore_auto_finish_tips","server_to_client"
"426","c_group_channel_load","server_to_client"
"427","c_peak_battle_group_champion","server_to_client"
"428","s_attached_card_reset","client_to_server"
"429","c_pay_info_end","server_to_client"
"430","s_platform_access_friend_share_invite_reward","client_to_server"
"431","s_night_fight_enter_fight","client_to_server"
"432","c_act_secret_info","server_to_client"
"433","c_league_about","server_to_client"
"434","c_fenshen_start","server_to_client"
"435","s_userinfo_location","client_to_server"
"436","c_time_sync","server_to_client"
"437","c_act_consume_info","server_to_client"
"438","s_grid_box_reset","client_to_server"
"439","s_platform_access_friend_share","client_to_server"
"440","c_act_sport_race_result","server_to_client"
"441","c_peak_battle_pick_hero","server_to_client"
"442","c_shot_info","server_to_client"
"443","c_battlefield_matched","server_to_client"
"444","s_card_feed","client_to_server"
"445","c_friend_choose","server_to_client"
"446","s_league_buy_boss_challenge_times","client_to_server"
"447","c_night_fight_fight_over","server_to_client"
"448","s_battlefield_stmatch","client_to_server"
"449","c_league_active_star","server_to_client"
"450","c_crosspvp_open_time","server_to_client"
"451","c_group_all_finish_loading","server_to_client"
"452","c_battlefield_task_info","server_to_client"
"453","s_frame_correct","client_to_server"
"454","c_stage_finish_loading","server_to_client"
"455","s_league_tech_modify_sign","client_to_server"
"456","s_teach_finish","client_to_server"
"457","c_league_tech_tree_panel","server_to_client"
"458","c_league_modify_notic","server_to_client"
"459","s_team_add_robot","client_to_server"
"460","s_interaction_config_add","client_to_server"
"461","s_fenshen_aid_reward","client_to_server"
"462","c_group_team_member_ready","server_to_client"
"463","s_attached_card_compose","client_to_server"
"464","c_battlefield_pk_handle_ret","server_to_client"
"465","c_chat_private","server_to_client"
"466","s_login_player_enter","client_to_server"
"467","s_league_board_public","client_to_server"
"468","s_rogue_inner_benefit_info","client_to_server"
"469","c_group_enter_area","server_to_client"
"470","c_comment_list","server_to_client"
"471","s_client_shader","client_to_server"
"472","c_office_info","server_to_client"
"473","c_welfare_exchange_money","server_to_client"
"474","s_usj_server_score","client_to_server"
"475","c_avatar_info","server_to_client"
"476","c_attached_card_enhance","server_to_client"
"477","s_scene_climbing","client_to_server"
"478","c_league_pvp_fight_data","server_to_client"
"479","c_group_back_channel","server_to_client"
"480","c_login_cdkey","server_to_client"
"481","c_secret_area_cycle","server_to_client"
"482","c_softball_throw","server_to_client"
"483","c_login_wait","server_to_client"
"484","s_userinfo_location_hide","client_to_server"
"485","s_title_getreward","client_to_server"
"486","s_league_pvp_fight_data","client_to_server"
"487","s_act_exercise_start","client_to_server"
"488","s_league_pvp_pk","client_to_server"
"489","s_peak_battle_fight_log","client_to_server"
"490","s_chat_frame_use","client_to_server"
"491","s_lantern_start","client_to_server"
"492","s_act_daily_stage_choose","client_to_server"
"493","c_group_team_info","server_to_client"
"494","s_interaction_use_mood","client_to_server"
"495","s_act_goods_buy","client_to_server"
"496","s_custom_gift_trigger","client_to_server"
"497","s_item_select_reward","client_to_server"
"498","s_peak_battle_support_info","client_to_server"
"499","c_userinfo_badge_set","server_to_client"
"500","c_offlinepvp_replace","server_to_client"
"501","c_world_task_auto_finish","server_to_client"
"502","c_usj_get_point_reward","server_to_client"
"503","c_reconnect_flag","server_to_client"
"504","s_group_team_list","client_to_server"
"505","s_growth_fund_info","client_to_server"
"506","c_card_show_oper","server_to_client"
"507","c_league_tech_event_finish","server_to_client"
"508","c_league_board_comment_oper","server_to_client"
"509","c_server_frame","server_to_client"
"510","c_herochip_stage_sync_data","server_to_client"
"511","c_group_wanfa_id","server_to_client"
"512","c_total_recharge_info","server_to_client"
"513","c_peak_battle_primary_ready_cd","server_to_client"
"514","c_world_task_info","server_to_client"
"515","s_welfare_sign","client_to_server"
"516","s_team_clear_apply","client_to_server"
"517","c_team_kick_leader","server_to_client"
"518","s_secret_area_history","client_to_server"
"519","c_act_exlottery_draw","server_to_client"
"520","c_relax_stage_sync_cond","server_to_client"
"521","s_league_board_list","client_to_server"
"522","s_pay_item","client_to_server"
"523","c_home_unlock","server_to_client"
"524","s_office_pick_active","client_to_server"
"525","s_act_team_accept","client_to_server"
"526","s_chat_private","client_to_server"
"527","c_task_info","server_to_client"
"528","c_comment_comment","server_to_client"
"529","s_card_lock","client_to_server"
"530","s_secret_area_active_key","client_to_server"
"531","s_business_extend_get_reward","client_to_server"
"532","c_offlinepvp_money","server_to_client"
"533","c_act_seven_day_buy","server_to_client"
"534","c_card_lock_skill","server_to_client"
"535","c_hero_class_info","server_to_client"
"536","c_userinfo_tag_set","server_to_client"
"537","s_campaign_task_accept","client_to_server"
"538","s_area_event_enter_stage","client_to_server"
"539","c_offlinepvp_wipe","server_to_client"
"540","c_equip_send_equip_hole_info","server_to_client"
"541","s_skill_get_spec_level_list","client_to_server"
"542","c_night_fight_reward","server_to_client"
"543","c_userinfo_info","server_to_client"
"544","c_group_team_friend_list","server_to_client"
"545","c_secret_area_times","server_to_client"
"546","c_recharge_info","server_to_client"
"547","s_role_change_name","client_to_server"
"548","s_hero_rank_info","client_to_server"
"549","c_friend_del","server_to_client"
"550","c_team_invite","server_to_client"
"551","c_all_server_cond_team_info","server_to_client"
"552","s_league_pvp_resource_occupy","client_to_server"
"553","c_league_tech_buff_update","server_to_client"
"554","c_group_npc_info","server_to_client"
"555","s_league_member_list","client_to_server"
"556","c_league_join_boss","server_to_client"
"557","c_offlinepvp_ready","server_to_client"
"558","s_recharge_reward_total_get","client_to_server"
"559","s_usj_get_stage_record","client_to_server"
"560","s_team_acc_invite","client_to_server"
"561","s_attached_card_book","client_to_server"
"562","s_home_checkin_update","client_to_server"
"563","c_rogue_inner_benefit_info","server_to_client"
"564","c_act_hero_bp_info","server_to_client"
"565","s_league_tech_shop_buy","client_to_server"
"566","s_frame_md_check","client_to_server"
"567","c_item_new","server_to_client"
"568","s_home_role_interact","client_to_server"
"569","c_group_captain_alter","server_to_client"
"570","s_frame_refresh","client_to_server"
"571","s_group_team_info","client_to_server"
"572","s_group_team_kick","client_to_server"
"573","c_act_hero_license_info","server_to_client"
"574","c_base_station_all_info","server_to_client"
"575","c_emergency_result","server_to_client"
"576","c_team_be_invite","server_to_client"
"577","s_league_pvp_view_pvp_records","client_to_server"
"578","s_league_board_mine","client_to_server"
"579","c_friend_quick_deal_with_apply","server_to_client"
"580","s_usj_enter_activity_ui","client_to_server"
"581","c_mail_quickly_get_attach","server_to_client"
"582","c_group_team_apply_done","server_to_client"
"583","s_home_floor_furniture","client_to_server"
"584","c_group_report_data","server_to_client"
"585","s_hero_class_stage","client_to_server"
"586","s_resource_stage_enter","client_to_server"
"587","c_team_need_to_leave","server_to_client"
"588","c_team_change_extra","server_to_client"
"589","c_usj_unlock_zone","server_to_client"
"590","s_share_reward","client_to_server"
"591","s_team_quick_chat","client_to_server"
"592","s_league_get_rank_simple_info","client_to_server"
"593","c_league_pvp_report","server_to_client"
"594","c_avatar_frame_use","server_to_client"
"595","c_fashion_update","server_to_client"
"596","c_league_tech_pre_buy","server_to_client"
"597","c_act_allsvr_stage_update_level","server_to_client"
"598","c_act_rank_reissue","server_to_client"
"599","c_act_lottery_info","server_to_client"
"600","c_fenshen_option","server_to_client"
"601","c_peak_battle_get_task_reward","server_to_client"
"602","s_peak_battle_wonder_play","client_to_server"
"603","s_sugar_room_make_cake","client_to_server"
"604","s_sugar_room_exchange_count","client_to_server"
"605","s_welfare_exchange_money","client_to_server"
"606","s_task_sync_info","client_to_server"
"607","c_zhanling_task_update","server_to_client"
"608","s_home_like","client_to_server"
"609","s_frame_lag_report","client_to_server"
"610","c_act_eye_sight_update","server_to_client"
"611","c_mail_have_new_mail","server_to_client"
"612","c_replay_check","server_to_client"
"613","s_stage_playback","client_to_server"
"614","s_team_auto_acc","client_to_server"
"615","c_secret_area_key","server_to_client"
"616","c_attached_card_compose","server_to_client"
"617","s_rogue_pass_hero","client_to_server"
"618","s_card_go_to_fight","client_to_server"
"619","c_friend_send_strength","server_to_client"
"620","c_friend_update_str","server_to_client"
"621","c_usj_get_stage_record","server_to_client"
"622","c_item_amount","server_to_client"
"623","s_secret_area_task_reward","client_to_server"
"624","c_act_start","server_to_client"
"625","c_chaos_match","server_to_client"
"626","c_rogue_pass_difficult","server_to_client"
"627","c_league_pvp_resource_change","server_to_client"
"628","c_toplist_pages","server_to_client"
"629","c_league_tech_modify_shop_manager_sign","server_to_client"
"630","c_act_pickbox_info","server_to_client"
"631","c_guide_id_done","server_to_client"
"632","s_league_tech_progress_reward","client_to_server"
"633","c_hero_rank_stage_update","server_to_client"
"634","c_lottery_draw","server_to_client"
"635","s_rogue_chg_record_name","client_to_server"
"636","c_rune_rabbet_info","server_to_client"
"637","s_achieve_getreward","client_to_server"
"638","c_new_hero_info","server_to_client"
"639","c_home_role_mood_list","server_to_client"
"640","c_battlefield_pk_quit","server_to_client"
"641","s_usj_stage_restart","client_to_server"
"642","c_task_sync_info","server_to_client"
"643","s_secret_area_finish_stage","client_to_server"
"644","c_act_team_reward","server_to_client"
"645","s_secret_area_drop_card","client_to_server"
"646","s_league_search","client_to_server"
"647","c_group_scene_info","server_to_client"
"648","s_card_show_oper","client_to_server"
"649","c_rune_attr_info","server_to_client"
"650","c_act_end","server_to_client"
"651","c_sendprize_exchange_count","server_to_client"
"652","c_common_protocol","server_to_client"
"653","s_fenshen_\018ption","client_to_server"
"654","s_exchange_do","client_to_server"
"655","c_login_player_info","server_to_client"
"656","c_stage_drop","server_to_client"
"657","c_act_client_trigger_update","server_to_client"
"658","c_monthly_card_info","server_to_client"
"659","s_league_pvp_view_fight","client_to_server"
"660","s_pay_recharge","client_to_server"
"661","c_campaign_cache_update","server_to_client"
"662","c_peak_primary_rival_refuse","server_to_client"
"663","c_task_trigger_sync","server_to_client"
"664","c_pressure_like","server_to_client"
"665","c_evaluate","server_to_client"
"666","c_team_recruit","server_to_client"
"667","c_secret_area_time_record","server_to_client"
"668","s_battlefield_task_info","client_to_server"
"669","c_league_tech_buff_clear","server_to_client"
"670","s_group_boss_hp","client_to_server"
"671","c_group_team_join","server_to_client"
"672","c_platform_access_friend_share_daily_reward","server_to_client"
"673","c_friend_info","server_to_client"
"674","s_act_hero_rank","client_to_server"
"675","c_chat_clean","server_to_client"
"676","c_act_monopoly_dice_res","server_to_client"
"677","s_act_eye_sight_result","client_to_server"
"678","s_league_get_team_reward","client_to_server"
"679","c_group_team_new_apply","server_to_client"
"680","s_league_apply_list","client_to_server"
"681","c_gem_bag","server_to_client"
"682","c_secret_area_all_hero","server_to_client"
"683","c_league_tech_modify_sign","server_to_client"
"684","c_campaign_internal_status","server_to_client"
"685","c_frame_report","server_to_client"
"686","c_relax_stage_sync_data","server_to_client"
"687","s_offlinepvp_task_reward","client_to_server"
"688","c_league_donate_reward","server_to_client"
"689","c_league_donate_panel","server_to_client"
"690","s_item_resolve","client_to_server"
"691","s_sendprize_send_prize","client_to_server"
"692","s_rogue_global_benefit_info","client_to_server"
"693","s_area_event_trigger_on","client_to_server"
"694","s_league_create","client_to_server"
"695","s_platform_access_friend_share_join_reward","client_to_server"
"696","s_peak_battle_task_info","client_to_server"
"697","c_group_team_league_list","server_to_client"
"698","c_frame_init_data","server_to_client"
"699","c_league_audit_panel","server_to_client"
"700","s_league_tech_event_finish_reward","client_to_server"
"701","s_campaign_clear_cache","client_to_server"
"702","s_league_donate","client_to_server"
"703","s_rune_lock","client_to_server"
"704","s_chaos_info","client_to_server"
"705","s_league_board_oper","client_to_server"
"706","s_base_station_uplevel","client_to_server"
"707","c_card_resonance_reward","server_to_client"
"708","c_team_apply_leader","server_to_client"
"709","s_frame_new_correct","client_to_server"
"710","c_league_pvp_self_occupy","server_to_client"
"711","s_skill_get_skill_level","client_to_server"
"712","s_chaos_ban","client_to_server"
"713","s_lottery_choose_up","client_to_server"
"714","s_collect_check","client_to_server"
"715","c_secret_area_task_update","server_to_client"
"716","s_home_update_role_event","client_to_server"
"717","s_rogue_pass_end","client_to_server"
"718","c_userinfo_base","server_to_client"
"719","c_battlefield_reward","server_to_client"
"720","c_secret_area_hero_update","server_to_client"
"721","c_crosspvp_rank_reward","server_to_client"
"722","c_league_pvp_view_base_info","server_to_client"
"723","c_act_boss_challenge_svr_ach_reward","server_to_client"
"724","c_city_level_add_exp","server_to_client"
"725","c_share_info","server_to_client"
"726","c_league_pvp_rival_info","server_to_client"
"727","s_login_cdkey","client_to_server"
"728","s_league_donate_reward","client_to_server"
"729","c_item_normal_list","server_to_client"
"730","c_campaign_task_update","server_to_client"
"731","c_fenshen_end","server_to_client"
"732","c_hero_rank_task_update","server_to_client"
"733","s_team_enter_voice","client_to_server"
"734","c_funcopen_list","server_to_client"
"735","c_offlinepvp_task_reward","server_to_client"
"736","c_act_mini_game_info","server_to_client"
"737","s_chaos_choose_hero","client_to_server"
"738","c_league_board_info","server_to_client"
"739","c_pressure_like_info","server_to_client"
"740","c_puzzle_info","server_to_client"
"741","s_chaos_match","client_to_server"
"742","s_secret_target_stage","client_to_server"
"743","c_task_info_update","server_to_client"
"744","c_rogue_benefit_add","server_to_client"
"745","s_userinfo_heros","client_to_server"
"746","c_flipcard_info","server_to_client"
"747","c_mail_cannot_get_attach","server_to_client"
"748","c_pay_item_result","server_to_client"
"749","s_act_team_kick","client_to_server"
"750","c_card_hero_bio_info","server_to_client"
"751","c_campaign_shop_info","server_to_client"
"752","c_crosspvp_state","server_to_client"
"753","c_pay_recharge","server_to_client"
"754","c_base_station_uplevel","server_to_client"
"755","c_offlinepvp_rank_down","server_to_client"
"756","c_peak_battle_group_info","server_to_client"
"757","c_city_level_up","server_to_client"
"758","c_team_match","server_to_client"
"759","s_equip_on","client_to_server"
"760","c_welfare_sign","server_to_client"
"761","c_attached_lot_compose","server_to_client"
"762","c_offline_cache_info","server_to_client"
"763","c_night_fight_info","server_to_client"
"764","c_skill_level_list","server_to_client"
"765","c_scene_player_teleport","server_to_client"
"766","c_pressure_update","server_to_client"
"767","s_league_tech_shop_discount","client_to_server"
"768","s_recharge_reward_info","client_to_server"
"769","s_league_pvp_set_declaration","client_to_server"
"770","c_attached_card_directional_compose","server_to_client"
"771","c_guide_jump","server_to_client"
"772","s_act_consume_unlock","client_to_server"
"773","s_hero_rank_stage_end","client_to_server"
"774","c_herochip_red_info","server_to_client"
"775","c_pay_bonus","server_to_client"
"776","s_act_boss_challenge_rejoin","client_to_server"
"777","c_stage_result","server_to_client"
"778","s_battlefield_pk_invite","client_to_server"
"779","c_home_floor_furniture","server_to_client"
"780","s_rogue_buy","client_to_server"
"781","c_card_seeinfo","server_to_client"
"782","s_campaign_select_buff","client_to_server"
"783","s_team_apply_join","client_to_server"
"784","c_equip_breakthrough","server_to_client"
"785","c_night_fight_hero_lineup","server_to_client"
"786","c_theater_chapterbonus","server_to_client"
"787","s_league_tech_panel","client_to_server"
"788","s_campaign_trigger_on","client_to_server"
"789","c_card_del","server_to_client"
"790","s_battlefield_info","client_to_server"
"791","s_anti_addiction_report","client_to_server"
"792","c_act_exchange_info","server_to_client"
"793","s_comment_comment","client_to_server"
"794","c_league_buy_boss_challenge_times","server_to_client"
"795","s_crosspvp_task_reward","client_to_server"
"796","c_battlefield_info","server_to_client"
"797","c_exchange_do","server_to_client"
"798","s_league_tech_tree_panel","client_to_server"
"799","c_relax_stage_boxinfo","server_to_client"
"800","c_act_jump_update_cond","server_to_client"
"801","c_entrust_task_data","server_to_client"
"802","s_group_team_swap_pos","client_to_server"
"803","s_activity_shop_info","client_to_server"
"804","s_shop_refresh","client_to_server"
"805","c_lottery_choose_up","server_to_client"
"806","s_team_change_play","client_to_server"
"807","c_equip_attr","server_to_client"
"808","s_card_lock_skill","client_to_server"
"809","s_pvp_user_load_ready","client_to_server"
"810","s_equip_material_merge_to","client_to_server"
"811","c_area_event_fight_times_status","server_to_client"
"812","s_night_fight_enter_stage","client_to_server"
"813","c_league_pvp_hero_update","server_to_client"
"814","s_peak_battle_primary_seat_info","client_to_server"
"815","c_sugar_room_exchange_count","server_to_client"
"816","c_theater_enter","server_to_client"
"817","s_home_change_name","client_to_server"
"818","c_shop_sell_equip","server_to_client"
"819","c_group_finish_loading","server_to_client"
"820","c_offlinepvp_task","server_to_client"
"821","s_home_leave","client_to_server"
"822","c_lantern_start","server_to_client"
"823","c_group_cd_time","server_to_client"
"824","s_battlefield_solo_enter","client_to_server"
"825","s_equip_upstar","client_to_server"
"826","c_stage_end_gm","server_to_client"
"827","s_secret_refuse_key","client_to_server"
"828","c_rogue_endless_end","server_to_client"
"829","c_group_team_change_hero","server_to_client"
"830","s_hero_rank_star_get","client_to_server"
"831","c_interaction_do","server_to_client"
"832","c_league_pvp_cd_list","server_to_client"
"833","c_act_exlottery_info","server_to_client"
"834","s_act_allsvr_stage_enter","client_to_server"
"835","s_battlefield_task_finish","client_to_server"
"836","s_userinfo_sign","client_to_server"
"837","c_group_map_list","server_to_client"
"838","c_team_sync_info","server_to_client"
"839","s_evaluate","client_to_server"
"840","c_team_ready","server_to_client"
"841","c_stage_achievement_finish","server_to_client"
"842","s_comment_reply_list","client_to_server"
"843","s_usj_task_reward","client_to_server"
"844","s_funcopen_query","client_to_server"
"845","c_grid_box_lottery","server_to_client"
"846","s_team_change_leader","client_to_server"
"847","s_offlinepvp_wipe","client_to_server"
"848","c_flipcard_update_count","server_to_client"
"849","c_custom_gift_info","server_to_client"
"850","c_offlinepvp_rank_reward","server_to_client"
"851","c_league_get_team_reward","server_to_client"
"852","c_rogue_review","server_to_client"
"853","c_world_task_pick_prestige","server_to_client"
"854","s_team_ask_for_leader","client_to_server"
"855","c_scene_action_change","server_to_client"
"856","s_stage_activity_reward","client_to_server"
"857","s_attached_card_lv","client_to_server"
"858","s_campaign_trigger_see","client_to_server"
"859","s_league_pvp_view_member_records","client_to_server"
"860","c_battlefield_rank_info","server_to_client"
"861","s_frame_robot","client_to_server"
"862","s_campaign_enter","client_to_server"
"863","s_userinfo_base","client_to_server"
"864","s_pressure_like","client_to_server"
"865","s_group_team_apply_clear","client_to_server"
"866","c_group_team_all_info","server_to_client"
"867","c_welfare_info","server_to_client"
"868","c_secret_area_stage_fail","server_to_client"
"869","c_group_team_new_setting","server_to_client"
"870","c_card_take_bio_reward","server_to_client"
"871","s_platform_access_friend_share_total_reward","client_to_server"
"872","c_rogue_event_choose","server_to_client"
"873","s_lottery_draw","client_to_server"
"874","s_peak_battle_primary_occupy_seat","client_to_server"
"875","s_danmu_get_list","client_to_server"
"876","c_battlefield_pk_invite_ret","server_to_client"
"877","c_item_special_reward","server_to_client"
"878","c_league_board_list","server_to_client"
"879","c_act_daily_stage_info","server_to_client"
"880","s_scene_enter_end","client_to_server"
"881","c_act_eye_sight_info","server_to_client"
"882","c_group_team_apply_list","server_to_client"
"883","s_avatar_frame_use","client_to_server"
"884","s_training_hero_info","client_to_server"
"885","s_item_use","client_to_server"
"886","c_secret_area_drop_card","server_to_client"
"887","c_rogue_benefit_choose","server_to_client"
"888","s_offlinepvp_array","client_to_server"
"889","c_anti_addiction_execute","server_to_client"
"890","s_act_return_unlock","client_to_server"
"891","c_userinfo_dynamic","server_to_client"
"892","c_stage_enter","server_to_client"
"893","c_income_buff_update","server_to_client"
"894","c_collect_update","server_to_client"
"895","c_scene_bridge_hero_change","server_to_client"
"896","s_client_stat","client_to_server"
"897","s_act_ach_reward","client_to_server"
"898","c_friend_quick_send_strength","server_to_client"
"899","c_userinfo_all_dynamic","server_to_client"
"900","s_grid_box_choose","client_to_server"
"901","c_card_grow","server_to_client"
"902","c_league_leave","server_to_client"
"903","s_teach_pvp_enter","client_to_server"
"904","s_area_event_switch_hero","client_to_server"
"905","c_card_show_info","server_to_client"
"906","c_equip_dieset_break","server_to_client"
"907","s_equip_enhance","client_to_server"
"908","c_area_event_sync_status","server_to_client"
"909","c_peak_battle_group_phase","server_to_client"
"910","c_group_team_admin_info","server_to_client"
"911","c_battlefield_pk_prepare","server_to_client"
"912","s_team_match_cancel","client_to_server"
"913","c_battlefield_task_remove","server_to_client"
"914","c_egg_info","server_to_client"
"915","s_league_tech_event_info","client_to_server"
"916","c_act_consume_update","server_to_client"
"917","c_home_interact_info","server_to_client"
"918","c_act_hero_rank","server_to_client"
"919","c_night_fight_cache_stage_id","server_to_client"
"920","s_toplist_one","client_to_server"
"921","c_close_connection","server_to_client"
"922","c_activity_login_push","server_to_client"
"923","s_league_pvp_self_hero_list","client_to_server"
"924","c_shot_get_reward","server_to_client"
"925","c_team_commend","server_to_client"
"926","s_rogue_review","client_to_server"
"927","s_replay_check","client_to_server"
"928","c_async_cfg_update","server_to_client"
"929","s_act_exlottery_info","client_to_server"
"930","s_crosspvp_buy","client_to_server"
"931","s_act_team_finish_task","client_to_server"
"932","s_night_fight_leave_stage","client_to_server"
"933","c_league_board_mine","server_to_client"
"934","s_offlinepvp_ready","client_to_server"
"935","c_card_breakup","server_to_client"
"936","s_team_match","client_to_server"
"937","s_group_finish_loading","client_to_server"
"938","c_friend_recive_strength","server_to_client"
"939","s_danmu_praise","client_to_server"
"940","c_card_fetters_info","server_to_client"
"941","c_home_furniture_produce","server_to_client"
"942","c_league_tech_buy","server_to_client"
"943","s_gem_list","client_to_server"
"944","c_gm_result","server_to_client"
"945","s_card_grow","client_to_server"
"946","c_team_sync_quick_chat","server_to_client"
"947","s_master_shop_goods_list","client_to_server"
"948","s_league_pvp_leave_occupy","client_to_server"
"949","s_business_extend_shop","client_to_server"
"950","s_crosspvp_match","client_to_server"
"951","c_pressure_last_cycle","server_to_client"
"952","c_reddot_info","server_to_client"
"953","c_business_extend_get_reward","server_to_client"
"954","s_egg_sync","client_to_server"
"955","s_offlinepvp_pro_reward","client_to_server"
"956","s_crosspvp_hot","client_to_server"
"957","s_home_enter","client_to_server"
"958","s_attached_card_directional_compose","client_to_server"
"959","c_group_team_go","server_to_client"
"960","c_training_finish","server_to_client"
"961","s_group_team_league_list","client_to_server"
"962","c_crosspvp_task","server_to_client"
"963","s_toplist_first","client_to_server"
"964","c_shot_finish","server_to_client"
"965","c_rogue_pass_start","server_to_client"
"966","c_friend_list","server_to_client"
"967","s_hero_rank_task_finish","client_to_server"
"968","s_league_change_name","client_to_server"
"969","s_pressure_stage_enter","client_to_server"
"970","c_crosspvp_task_reward","server_to_client"
"971","s_team_deal_apply","client_to_server"
"972","s_entrust_task_start","client_to_server"
"973","c_group_scene_exit","server_to_client"
"974","c_battlefield_pk_refuse","server_to_client"
"975","s_act_daily_stage_report","client_to_server"
"976","s_league_join_boss","client_to_server"
"977","c_act_team_invite","server_to_client"
"978","c_stage_loss","server_to_client"
"979","s_league_ad_panel","client_to_server"
"980","c_new_connect","server_to_client"
"981","c_league_pvp_view_panel","server_to_client"
"982","s_league_tech_event_deal","client_to_server"
"983","c_danmu_praise","server_to_client"
"984","c_act_seven_day_info","server_to_client"
"985","c_battlefield_stmatch","server_to_client"
"986","c_send_pvp_report","server_to_client"
"987","s_pvp_quit","client_to_server"
"988","c_peak_battle_bet_info","server_to_client"
"989","c_scene_shape_cachedata","server_to_client"
"990","s_time_ping","client_to_server"
"991","s_peak_battle_support","client_to_server"
"992","c_usj_update_zone_reward","server_to_client"
"993","c_lottery_load","server_to_client"
"994","c_peak_battle_open_time","server_to_client"
"995","c_act_boss_challenge_over","server_to_client"
"996","c_item_special_item","server_to_client"
"997","c_team_join","server_to_client"
"998","c_league_pvp_view_declaration","server_to_client"
"999","c_training_get_reward","server_to_client"
"1000","s_world_task_ignore_auto_finish_tips","client_to_server"
"1001","s_rune_enchance","client_to_server"
"1002","s_sugar_room_exchange","client_to_server"
"1003","s_lottery_load","client_to_server"
"1004","c_scene_block_change","server_to_client"
"1005","s_team_play_start","client_to_server"
"1006","s_friend_choose","client_to_server"
"1007","s_league_pvp_total_score","client_to_server"
"1008","c_campaign_task_add","server_to_client"
"1009","s_login_player_add","client_to_server"
"1010","c_team_apply_join","server_to_client"
"1011","s_league_board_comment_list","client_to_server"
"1012","c_league_tech_panel","server_to_client"
"1013","c_league_pvp_be_kill","server_to_client"
"1014","c_exchange_info","server_to_client"
"1015","c_league_member_list","server_to_client"
"1016","s_pvp_end","client_to_server"
"1017","c_league_pvp_con_kill","server_to_client"
"1018","c_emergency_info","server_to_client"
"1019","c_frame_obj_report_local","server_to_client"
"1020","c_hero_rank_status_update","server_to_client"
"1021","c_skill_spec_level_list","server_to_client"
"1022","c_stage_all_finish_loading","server_to_client"
"1023","c_home_furniture_uid","server_to_client"
"1024","c_reconnect_frame","server_to_client"
"1025","s_platform_access_friend_share_daily_reward","client_to_server"
"1026","s_all_server_cond_get_reward","client_to_server"
"1027","c_act_allsvr_stage_reward","server_to_client"
"1028","c_welfare_total_login","server_to_client"
"1029","s_league_about","client_to_server"
"1030","c_league_pvp_total_score","server_to_client"
"1031","s_shop_info","client_to_server"
"1032","s_shop_buy","client_to_server"
"1033","c_act_baohao_practice_new_task","server_to_client"
"1034","s_league_change_icon","client_to_server"
"1035","s_league_tech_modify_shop_manager_sign","client_to_server"
"1036","c_relax_stage_fail","server_to_client"
"1037","c_card_go_to_bridge_fight","server_to_client"
"1038","c_platform_access_friend_share_panel","server_to_client"
"1039","c_crosspvp_ace","server_to_client"
"1040","s_team_change_hero","client_to_server"
"1041","s_friend_del_soon_chat","client_to_server"
"1042","c_act_secret_record_list","server_to_client"
"1043","s_home_update_produce","client_to_server"
"1044","c_home_floor_furniture_update","server_to_client"
"1045","c_friend_del_soon_chat","server_to_client"
"1046","s_league_apply_done","client_to_server"
"1047","c_stage_report","server_to_client"
"1048","c_stage_show_reward","server_to_client"
"1049","c_league_pvp_view_pvp_records","server_to_client"
"1050","c_league_pvp_cd_change","server_to_client"
"1051","s_crosspvp_task","client_to_server"
"1052","c_master_shop_goods_list","server_to_client"
"1053","c_frame_correct","server_to_client"
"1054","c_area_event_stage_pass","server_to_client"
"1055","s_act_pickbox_pick","client_to_server"
"1056","s_frame_obj_report","client_to_server"
"1057","c_funcopen_info","server_to_client"
"1058","c_danmu_update","server_to_client"
"1059","c_friend_sync_int","server_to_client"
"1060","c_league_tech_shop_panel","server_to_client"
"1061","s_act_team_clear_invite","client_to_server"
"1062","c_data_str","server_to_client"
"1063","c_secret_area_history_add","server_to_client"
"1064","c_rogue_save","server_to_client"
"1065","c_group_boss_data","server_to_client"
"1066","s_team_del_robot","client_to_server"
"1067","s_pressure_info","client_to_server"
"1068","c_peak_battle_group_ready","server_to_client"
"1069","c_daily_recharge_info","server_to_client"
"1070","c_league_tech_update_progress","server_to_client"
"1071","c_team_del_robot","server_to_client"
"1072","c_group_team_list","server_to_client"
"1073","c_group_team_apply","server_to_client"
"1074","s_group_scene_exit","client_to_server"
"1075","s_league_boss_rank","client_to_server"
"1076","c_pressure_hero_fight","server_to_client"
"1077","c_area_event_hero_list","server_to_client"
"1078","c_scene_enter_end","server_to_client"
"1079","s_comment_delreply","client_to_server"
"1080","c_set_ctrl","server_to_client"
"1081","s_league_get_rank_info","client_to_server"
"1082","s_act_hero_bp_exchange","client_to_server"
"1083","s_mail_get_info","client_to_server"
"1084","s_campaign_data_list","client_to_server"
"1085","c_userinfo_badge_get","server_to_client"
"1086","c_rogue_buy","server_to_client"
"1087","s_group_team_modify_setting","client_to_server"
"1088","c_sys_message","server_to_client"
"1089","s_admission_manual_get_reward","client_to_server"
"1090","c_pvp_start_fighting","server_to_client"
"1091","c_async_cfg_one","server_to_client"
"1092","c_crosspvp_rank_info","server_to_client"
"1093","s_all_server_cond_get_info","client_to_server"
"1094","s_campaign_task_submit","client_to_server"
"1095","s_reconnect_frame","client_to_server"
"1096","c_act_return_check_goods","server_to_client"
"1097","c_grid_box_info","server_to_client"
"1098","s_home_get_furniture_produce","client_to_server"
"1099","c_act_rescue_info","server_to_client"
"1100","s_zhanling_info","client_to_server"
"1101","c_flipcard_update_reward","server_to_client"
"1102","s_emergency_choose_event","client_to_server"
"1103","s_peak_battle_pick_hero","client_to_server"
"1104","s_team_invite","client_to_server"
"1105","c_group_team_change_leader","server_to_client"
"1106","c_task_req_enter_stage","server_to_client"
"1107","c_crosspvp_top_list","server_to_client"
"1108","c_league_donate","server_to_client"
"1109","c_friend_add","server_to_client"
"1110","s_rune_oper","client_to_server"
"1111","c_league_tech_fight_event_info","server_to_client"
"1112","c_league_modify_ad","server_to_client"
"1113","s_crosspvp_fight","client_to_server"
"1114","s_scene_move","client_to_server"
"1115","c_fenshen_daily_reward","server_to_client"
"1116","s_league_start_boss","client_to_server"
"1117","s_act_secret_record_list","client_to_server"
"1118","c_all_server_cond_update","server_to_client"
"1119","c_league_tech_event_finish_reward","server_to_client"
"1120","c_rogue_pass_hero","server_to_client"
"1121","c_campaign_property_del","server_to_client"
"1122","c_league_log","server_to_client"
"1123","c_chaos_choose_end","server_to_client"
"1124","s_campaign_task_update","client_to_server"
"1125","c_userinfo_brief","server_to_client"
"1126","c_week_sign_get","server_to_client"
"1127","s_chaos_season_info","client_to_server"
"1128","s_share_make_up","client_to_server"
"1129","s_usj_have_show_end_reward","client_to_server"
"1130","c_home_role_interact","server_to_client"
"1131","c_group_team_invite_done","server_to_client"
"1132","s_attached_card_reform","client_to_server"
"1133","s_fenshen_start_panel","client_to_server"
"1134","c_attached_card_reset","server_to_client"
"1135","s_secret_insert_key","client_to_server"
"1136","c_campaign_data_list","server_to_client"
"1137","c_group_goto_channel","server_to_client"
"1138","c_chat_frame_unlock","server_to_client"
"1139","c_login_checkstr","server_to_client"
"1140","c_fenshen_aid_panel","server_to_client"
"1141","s_secret_out_key","client_to_server"
"1142","c_league_board_oper","server_to_client"
"1143","c_usj_update_hero","server_to_client"
"1144","c_act_list","server_to_client"
"1145","c_league_get_rank_info","server_to_client"
"1146","c_top_broadcast_secret_rangeId","server_to_client"
"1147","c_league_kick","server_to_client"
"1148","c_act_get_reward","server_to_client"
"1149","s_act_exchange","client_to_server"
"1150","s_rogue_endless_fight","client_to_server"
"1151","s_group_team_apply_done","client_to_server"
"1152","c_scene_block_change_list","server_to_client"
"1153","c_act_boss_challenge_server_ach","server_to_client"
"1154","s_league_board_info","client_to_server"
"1155","s_home_clean","client_to_server"
"1156","s_relax_stage_choose","client_to_server"
"1157","s_league_apply","client_to_server"
"1158","s_home_role_event_finish","client_to_server"
"1159","s_rogue_pass_info","client_to_server"
"1160","c_exchange_code","server_to_client"
"1161","c_card_resonance","server_to_client"
"1162","c_danmu_get_list","server_to_client"
"1163","s_hero_class_answer","client_to_server"
"1164","s_scene_player_info","client_to_server"
"1165","c_danmu_change_icon","server_to_client"
"1166","s_offlinepvp_rank_reward","client_to_server"
"1167","c_league_pvp_scene_info","server_to_client"
"1168","c_feedback_message","server_to_client"
"1169","c_usj_update_score_reward","server_to_client"
"1170","s_pressure_message","client_to_server"
"1171","c_rogue_info","server_to_client"
"1172","c_home_role_event","server_to_client"
"1173","s_league_pvp_scene_info","client_to_server"
"1174","s_group_team_go","client_to_server"
"1175","c_campaign_select_buff_update","server_to_client"
"1176","s_equip_unlock","client_to_server"
"1177","s_act_monopoly_use_item","client_to_server"
"1178","s_battlefield_get_rank_reward","client_to_server"
"1179","s_offlinepvp_replace","client_to_server"
"1180","s_home_update_role_mood","client_to_server"
"1181","c_secret_area_clear_cycle_record","server_to_client"
"1182","c_emergency_add","server_to_client"
"1183","c_campaign_buff_update","server_to_client"
"1184","s_rogue_event_choose","client_to_server"
"1185","c_resource_stage_reward","server_to_client"
"1186","s_share_info","client_to_server"
"1187","s_act_empty_shop_stage_enter","client_to_server"
"1188","s_offlinepvp_buy","client_to_server"
"1189","s_usj_cycle_id","client_to_server"
"1190","c_team_back_room","server_to_client"
"1191","c_rune_enchance","server_to_client"
"1192","c_group_open_map","server_to_client"
"1193","c_pay_item","server_to_client"
"1194","s_theater_chapterbonus","client_to_server"
"1195","c_userinfo_birthday_set","server_to_client"
"1196","s_scene_obj_curid","client_to_server"
"1197","s_league_quick_apply_del","client_to_server"
"1198","c_league_boss_rank","server_to_client"
"1199","s_group_captain_alter","client_to_server"
"1200","c_pvp_end","server_to_client"
"1201","s_userinfo_brief","client_to_server"
"1202","s_league_pvp_apply","client_to_server"
"1203","s_team_search","client_to_server"
"1204","c_chaos_match_suc","server_to_client"
"1205","c_equip_inherit","server_to_client"
"1206","c_comment_like","server_to_client"
"1207","c_debug_draw_pos","server_to_client"
"1208","s_userinfo_sex","client_to_server"
"1209","s_league_icon","client_to_server"
"1210","s_mail_get_attach","client_to_server"
"1211","s_office_pick_step","client_to_server"
"1212","c_stage_is_back","server_to_client"
"1213","c_league_pvp_result","server_to_client"
"1214","c_fenshen_aid_reward","server_to_client"
"1215","c_guide_finish","server_to_client"
"1216","s_chaos_record_detail","client_to_server"
"1217","s_skill_level_up","client_to_server"
"1218","c_pay_item_confirm","server_to_client"
"1219","s_flipcard_get_count","client_to_server"
"1220","s_resource_stage_reenter","client_to_server"
"1221","c_interaction_new_emoticon","server_to_client"
"1222","s_userinfo_badge","client_to_server"
"1223","c_battlefield_pk_quit_ret","server_to_client"
"1224","c_stage_offlinepvp_pos","server_to_client"
"1225","c_peak_battle_primary_shop_count","server_to_client"
"1226","c_league_apply_del","server_to_client"
"1227","s_battlefield_cancel_match","client_to_server"
"1228","c_achieve_getreward","server_to_client"
"1229","c_custom_gift_update","server_to_client"
"1230","c_card_attr_change","server_to_client"
"1231","c_scene_trigger_create","server_to_client"
"1232","c_top_level_up","server_to_client"
"1233","s_league_pvp_report","client_to_server"
"1234","s_attached_card_active_show","client_to_server"
"1235","s_league_donate_panel","client_to_server"
"1236","c_league_pvp_week_join","server_to_client"
"1237","c_campaign_trigger_on","server_to_client"
"1238","s_tsssdk_anti","client_to_server"
"1239","c_battlefield_status","server_to_client"
"1240","c_peak_battle_primary_rival_info","server_to_client"
"1241","c_time_ping_change","server_to_client"
"1242","c_teach_finish","server_to_client"
"1243","c_area_event_leave_stage","server_to_client"
"1244","s_home_get_checkin_reward","client_to_server"
"1245","s_group_team_admin_info","client_to_server"
"1246","c_team_add_robot","server_to_client"
"1247","c_league_pvp_sec_update","server_to_client"
"1248","s_task_lock_trigger","client_to_server"
"1249","c_usj_task","server_to_client"
"1250","c_area_event_hero_info","server_to_client"
"1251","c_team_set","server_to_client"
"1252","s_league_send_ad","client_to_server"
"1253","s_hero_rank_hero_star","client_to_server"
"1254","s_welfare_info","client_to_server"
"1255","s_group_channel_list","client_to_server"
"1256","s_userinfo_tag","client_to_server"
"1257","s_usj_enter_next_zone","client_to_server"
"1258","s_act_exlottery_draw","client_to_server"
"1259","s_scene_line_info","client_to_server"
"1260","s_achieve_overview","client_to_server"
"1261","c_league_list_info","server_to_client"
"1262","c_battlefield_rank_get","server_to_client"
"1263","c_all_server_cond_get_reward","server_to_client"
"1264","s_egg_info","client_to_server"
"1265","c_act_jump_set_score","server_to_client"
"1266","c_peak_battle_top_four","server_to_client"
"1267","c_role_change_name","server_to_client"
"1268","c_interaction_config_add","server_to_client"
"1269","s_team_out_team","client_to_server"
"1270","c_area_event_stage_cache_id","server_to_client"
"1271","c_group_team_modify_setting","server_to_client"
"1272","s_stage_bonus","client_to_server"
"1273","s_skill_get_skill_level_list","client_to_server"
"1274","c_league_pvp_mvp_member","server_to_client"
"1275","c_peak_battle_fight_log","server_to_client"
"1276","c_equip_upstar","server_to_client"
"1277","s_card_go_to_bridge_fight","client_to_server"
"1278","s_attached_card_active_book","client_to_server"
"1279","c_battlefield_receive_player_info","server_to_client"
"1280","s_stage_extra_reward","client_to_server"
"1281","s_get_sync_attr","client_to_server"
"1282","s_league_leave","client_to_server"
"1283","c_city_level_info","server_to_client"
"1284","s_card_chip_to_hero","client_to_server"
"1285","s_fashion_info","client_to_server"
"1286","c_battlefield_pk_other_cancel_invite","server_to_client"
"1287","c_item_send_use_count","server_to_client"
"1288","s_friend_send_strength","client_to_server"
"1289","s_home_interact_info","client_to_server"
"1290","c_gem_del","server_to_client"
"1291","c_equip_material_merge_auto","server_to_client"
"1292","c_skill_get_spec_level","server_to_client"
"1293","c_scene_npc_create","server_to_client"
"1294","c_team_new_apply_join","server_to_client"
"1295","c_user_create","server_to_client"
"1296","s_common_procotol","client_to_server"
"1297","s_world_task_auto_finish","client_to_server"
"1298","c_team_change_play","server_to_client"
"1299","c_league_apply_done","server_to_client"
"1300","s_frame_ping","client_to_server"
"1301","s_client_stat_frame","client_to_server"
"1302","s_area_event_fight_over","client_to_server"
"1303","s_group_team_ready","client_to_server"
"1304","c_act_user_info","server_to_client"
"1305","c_attached_card_active_show","server_to_client"
"1306","c_act_baohao_practice_update_task","server_to_client"
"1307","s_team_quick_chat_edit","client_to_server"
"1308","c_usj_enter_next_zone","server_to_client"
"1309","s_teach_pvp_info","client_to_server"
"1310","c_act_hero_task_info","server_to_client"
"1311","s_card_fame_lvup","client_to_server"
"1312","c_mail_get_info","server_to_client"
"1313","s_client_error","client_to_server"
"1314","s_league_pvp_horn","client_to_server"
"1315","c_league_board_oper_info","server_to_client"
"1316","s_peak_battle_bet","client_to_server"
"1317","s_league_pvp_max_hp","client_to_server"
"1318","c_frame_md_check","server_to_client"
"1319","c_title_sync","server_to_client"
"1320","c_area_event_login_data","server_to_client"
"1321","s_area_event_wipe","client_to_server"
"1322","s_act_boss_challenge_over","client_to_server"
"1323","c_league_money_log","server_to_client"
"1324","s_activity_shop_buy","client_to_server"
"1325","s_gem_on","client_to_server"
"1326","c_hero_rank_attr","server_to_client"
"1327","s_chaos_match_cancel","client_to_server"
"1328","s_fenshen_daily_reward","client_to_server"
"1329","s_userinfo_birthday","client_to_server"
"1330","c_league_get_rank_simple_info","server_to_client"
"1331","c_item_limit_count","server_to_client"
"1332","s_login_drama_finish","client_to_server"
"1333","s_group_play_sync","client_to_server"
"1334","s_card_resonance","client_to_server"
"1335","c_league_pvp_is_bye","server_to_client"
"1336","c_home_clean","server_to_client"
"1337","s_league_modify_audit","client_to_server"
"1338","c_offlinepvp_buy","server_to_client"
"1339","c_share_make_up","server_to_client"
"1340","s_task_get_tasklist_bytype","client_to_server"
"1341","s_battlefield_get_reward","client_to_server"
"1342","s_fenshen_aid_panel","client_to_server"
"1343","c_friend_update_int","server_to_client"
"1344","c_card_active_hole","server_to_client"
"1345","s_campaign_trigger_interact","client_to_server"
"1346","s_rogue_pass_start","client_to_server"
"1347","s_group_back_channel","client_to_server"
"1348","c_equip_remould","server_to_client"
"1349","c_team_out_team","server_to_client"
"1350","s_equip_breakthrough","client_to_server"
"1351","c_league_pvp_view_fight","server_to_client"
"1352","c_league_invite_info","server_to_client"
"1353","c_league_change_icon","server_to_client"
"1354","c_attached_card_book","server_to_client"
"1355","c_crosspvp_set_pos","server_to_client"
"1356","c_toplist_one","server_to_client"
"1357","c_league_appoint","server_to_client"
"1358","c_list_reward","server_to_client"
"1359","c_battlefield_pk_receive","server_to_client"
"1360","c_stage_playback","server_to_client"
"1361","c_strength_info","server_to_client"
"1362","c_team_punish","server_to_client"
"1363","s_campaign_drama_index_add","client_to_server"
"1364","c_interaction_config_exchange","server_to_client"
"1365","s_friend_delapply","client_to_server"
"1366","c_attached_card_info","server_to_client"
"1367","s_league_list_info","client_to_server"
"1368","c_recharge_reward_info","server_to_client"
"1369","s_act_lang_info","client_to_server"
"1370","c_scene_enter","server_to_client"
"1371","c_league_pvp_resource_occupy","server_to_client"
"1372","s_mail_get_list","client_to_server"
"1373","c_group_team_invite_list","server_to_client"
"1374","s_welfare_total_login","client_to_server"
"1375","c_group_team_leave","server_to_client"
"1376","c_crosspvp_note","server_to_client"
"1377","c_usj_end_stage","server_to_client"
"1378","c_equip_list","server_to_client"
"1379","c_login_account_info","server_to_client"
"1380","s_userinfo_sex_hide","client_to_server"
"1381","s_stage_play_sync","client_to_server"
"1382","s_guide_drama","client_to_server"
"1383","c_battlefield_task_add","server_to_client"
"1384","c_area_event_info","server_to_client"
"1385","c_chaos_fight_record","server_to_client"
"1386","c_title_info","server_to_client"
"1387","c_group_member_change","server_to_client"
"1388","c_peak_battle_group_rival_info","server_to_client"
"1389","c_usj_cycle_id","server_to_client"
"1390","c_league_pvp_tips","server_to_client"
"1391","c_team_quick_chat_edit","server_to_client"
"1392","s_attached_card_oper","client_to_server"
"1393","c_battlefield_task_replace","server_to_client"
"1394","s_pay_bonus","client_to_server"
"1395","s_relax_stage_get_box","client_to_server"
"1396","c_teach_info","server_to_client"
"1397","c_card_new","server_to_client"
"1398","c_act_monopoly_info","server_to_client"
"1399","c_flipcard_list","server_to_client"
"1400","s_battlefield_real_enter_pvp","client_to_server"
"1401","s_fenshen_start","client_to_server"
"1402","c_item_deduct","server_to_client"
"1403","s_league_pvp_status","client_to_server"
"1404","s_league_tech_join","client_to_server"
"1405","s_peak_battle_ban_hero","client_to_server"
"1406","c_home_clean_info","server_to_client"
"1407","c_avatar_use","server_to_client"
"1408","s_pressure_stage_detail","client_to_server"
"1409","c_friend_send_strength_notify","server_to_client"
"1410","s_entrust_task_get_reward","client_to_server"
"1411","s_server_frame","client_to_server"
"1412","s_league_pvp_view_declaration","client_to_server"
"1413","c_act_exercise_update","server_to_client"
"1414","s_night_fight_fight_over","client_to_server"
"1415","c_act_jump_sync_act_info","server_to_client"
"1416","s_attached_card_enhance","client_to_server"
"1417","s_strength_buy","client_to_server"
"1418","c_home_role_event_list","server_to_client"
"1419","c_home_checkin","server_to_client"
"1420","c_area_event_switch_hero","server_to_client"
"1421","c_equip_material_merge_to","server_to_client"
"1422","c_cov_code_dump","server_to_client"
"1423","c_team_member_attr","server_to_client"
"1424","c_stage_extra_reward","server_to_client"
"1425","c_gem_update","server_to_client"
"1426","c_act_eye_sight_map","server_to_client"
"1427","s_equip_merge_to","client_to_server"
"1428","c_group_base_data","server_to_client"
"1429","c_zhanling_get_reward","server_to_client"
"1430","s_act_sport_race_report","client_to_server"
"1431","c_league_pvp_status","server_to_client"
"1432","s_group_team_invite_list","client_to_server"
"1433","s_act_winding_request_toplist","client_to_server"
"1434","c_secret_out_key","server_to_client"
"1435","c_act_mini_game_update","server_to_client"
"1436","c_running_feedback","server_to_client"
"1437","s_offlinepvp_task","client_to_server"
"1438","s_league_kick","client_to_server"
"1439","s_recharge_reward_first_get","client_to_server"
"1440","c_battlefield_hallinfo","server_to_client"
"1441","c_teach_pvp_info","server_to_client"
"1442","s_league_list","client_to_server"
"1443","s_act_allsvr_stage_boss","client_to_server"
"1444","s_team_ready","client_to_server"
"1445","s_fashion_oper","client_to_server"
"1446","c_achieve_open_end","server_to_client"
"1447","s_base_station_all_info","client_to_server"
"1448","c_card_fame_lvup","server_to_client"
"1449","c_league_pvp_update_report","server_to_client"
"1450","s_shot_finish","client_to_server"
"1451","s_usj_get_zone_reward","client_to_server"
"1452","c_group_team_choose_list","server_to_client"
"1453","c_egg_task_update","server_to_client"
"1454","s_teach_pvp","client_to_server"
"1455","c_chaos_record_detail","server_to_client"
"1456","s_league_board_oper_info","client_to_server"
"1457","c_rogue_chg_record_name","server_to_client"
"1458","s_mail_quickly_get_attach","client_to_server"
"1459","s_rogue_info","client_to_server"
"1460","c_chaos_choose_hero","server_to_client"
"1461","s_friend_recive_strength","client_to_server"
"1462","c_user_change_int","server_to_client"
"1463","c_pressure_info","server_to_client"
"1464","s_secret_area_jump_key","client_to_server"
"1465","c_league_red_point_value","server_to_client"
"1466","s_frame_report","client_to_server"
"1467","c_entrust_task_list","server_to_client"
"1468","s_secret_area_cycle_reward","client_to_server"
"1469","c_league_pvp_enter_stage_success","server_to_client"
"1470","s_scene_action_change","client_to_server"
"1471","c_league_pvp_horn","server_to_client"
"1472","s_login_player_del","client_to_server"
"1473","s_card_support_skill","client_to_server"
"1474","c_softball_sync","server_to_client"
"1475","s_team_sync_info","client_to_server"
"1476","s_team_kick_out","client_to_server"
"1477","c_chat_frame_use","server_to_client"
"1478","s_home_guide_task_reward","client_to_server"
"1479","s_shop_sell_equip","client_to_server"
"1480","c_friend_apply","server_to_client"
"1481","c_home_guide_task","server_to_client"
"1482","c_team_search_multi","server_to_client"
"1483","c_frame_correct_do","server_to_client"
"1484","s_rogue_pass_exit","client_to_server"
"1485","s_frame_monster_data","client_to_server"
"1486","s_group_team_invite_done","client_to_server"
"1487","s_title_info","client_to_server"
"1488","s_rogue_endless_phase","client_to_server"
"1489","c_funcopen_query","server_to_client"
"1490","s_gem_lock","client_to_server"
"1491","s_group_team_apply_list","client_to_server"
"1492","c_shop_info","server_to_client"
"1493","c_fenshen_start_panel","server_to_client"
"1494","c_base_station_red_point","server_to_client"
"1495","c_act_consume_get","server_to_client"
"1496","s_team_set","client_to_server"
"1497","c_userinfo_sign","server_to_client"
"1498","s_home_ramble","client_to_server"
"1499","c_team_search","server_to_client"
"1500","c_item_sell","server_to_client"
"1501","c_userinfo_tag_get","server_to_client"
"1502","s_chat_public","client_to_server"
"1503","s_task_accept","client_to_server"
"1504","s_peak_battle_primary_info","client_to_server"
"1505","c_offlinepvp_note","server_to_client"
"1506","s_group_team_friend_list","client_to_server"
"1507","c_top_level_info","server_to_client"
"1508","s_group_goto_channel","client_to_server"
"1509","s_herochip_stage_enter","client_to_server"
"1510","s_skill_get_spec_level","client_to_server"
"1511","s_top_level_get","client_to_server"
"1512","s_act_team_invite","client_to_server"
"1513","s_usj_task","client_to_server"
"1514","s_crosspvp_rank_reward","client_to_server"
"1515","c_league_pvp_self_hero_list","server_to_client"
"1516","c_act_exchange","server_to_client"
"1517","s_stage_quick_reborn","client_to_server"
"1518","s_business_extend_report_reward","client_to_server"
"1519","s_night_fight_info","client_to_server"
"1520","s_interaction_do","client_to_server"
"1521","c_league_apply_list","server_to_client"
"1522","c_act_empty_shop_info","server_to_client"
"1523","s_rune_overload","client_to_server"
"1524","c_peak_battle_primary_reset_cd","server_to_client"
"1525","s_group_team_invite","client_to_server"
"1526","c_area_event_trigger_change","server_to_client"
"1527","c_training_info","server_to_client"
"1528","c_top_broadcast_info","server_to_client"
"1529","s_crosspvp_rank_info","client_to_server"
"1530","c_pressure_message","server_to_client"
"1531","c_admission_manual_get_reward","server_to_client"
"1532","s_campaign_shop_info","client_to_server"
"1533","c_peak_battle_support_info","server_to_client"
"1534","s_team_search_multi","client_to_server"
"1535","c_comment_reply","server_to_client"
"1536","c_scene_sync_int","server_to_client"
"1537","c_peak_battle_wonder_play","server_to_client"
"1538","c_area_event_kick_out","server_to_client"
"1539","c_act_return_info","server_to_client"
"1540","c_rogue_endless_fight","server_to_client"
"1541","c_stage_frame_report","server_to_client"
"1542","s_secret_area_task","client_to_server"
"1543","c_league_modify_audit","server_to_client"
"1544","c_peak_attr","server_to_client"
"1545","c_home_checkin_list","server_to_client"
"1546","s_log_point_report","client_to_server"
"1547","c_egg_sync","server_to_client"
"1548","c_async_cfg_end","server_to_client"
"1549","s_league_modify_notic","client_to_server"
"1550","c_crosspvp_info","server_to_client"
"1551","c_group_area_change","server_to_client"
"1552","s_act_rescue_pass","client_to_server"
"1553","c_act_task_info","server_to_client"
"1554","c_act_goods_info","server_to_client"
"1555","c_peak_battle_status","server_to_client"
"1556","s_activity_login_push","client_to_server"
"1557","c_shop_buy","server_to_client"
"1558","c_secret_area_task","server_to_client"
"1559","c_scene_previous_info","server_to_client"
"1560","c_friend_quick_recive_strength","server_to_client"
"1561","s_title_set","client_to_server"
"1562","s_pressure_hero_fight","client_to_server"
"1563","s_card_active_hole","client_to_server"
"1564","s_stage_is_back","client_to_server"
"1565","c_data_merge_to","server_to_client"
"1566","s_stage_leave","client_to_server"
"1567","c_recharge_reward_first_info","server_to_client"
"1568","c_recharge_reward_total_update","server_to_client"
"1569","s_usj_get_point_reward","client_to_server"
"1570","c_scene_player_info","server_to_client"
"1571","c_home_change_name","server_to_client"
"1572","c_tsssdk_anti","server_to_client"
"1573","s_league_tech_shop_panel","client_to_server"
"1574","s_group_team_leave","client_to_server"
"1575","s_usj_get_score_reward","client_to_server"
"1576","s_pressure_stage_finish","client_to_server"
"1577","s_team_new","client_to_server"
"1578","c_world_task_reward_rate","server_to_client"
"1579","c_time_type_sync","server_to_client"
"1580","c_battlefield_get_reward","server_to_client"
"1581","c_night_fight_sync_status","server_to_client"
"1582","c_office_herostep_reward","server_to_client"
"1583","c_scene_sync_str","server_to_client"
"1584","c_league_list","server_to_client"
"1585","s_area_event_leave_stage","client_to_server"
"1586","c_team_match_cancel","server_to_client"
"1587","s_skill_spec_level_up","client_to_server"
"1588","s_offline_cache_info","client_to_server"
"1589","c_egg_task_del","server_to_client"
"1590","s_crosspvp_info","client_to_server"
"1591","c_scene_move","server_to_client"
"1592","s_stage_frame_report","client_to_server"
"1593","c_office_pick_step","server_to_client"
"1594","c_rogue_bp_info","server_to_client"
"1595","c_mail_delete","server_to_client"
"1596","s_friend_find","client_to_server"
"1597","s_training_get_reward","client_to_server"
"1598","c_platform_access_friend_share","server_to_client"
"1599","s_rogue_pass_difficult","client_to_server"
"1600","s_equip_material_merge_auto","client_to_server"
"1601","s_hero_rank_stage_enter","client_to_server"
"1602","s_userinfo_other","client_to_server"
"1603","c_equip_dieset_enhance","server_to_client"
"1604","c_resource_stage_info","server_to_client"
"1605","c_attached_card_lv","server_to_client"
"1606","c_offlinepvp_array","server_to_client"
"1607","c_league_board_comment_list","server_to_client"
"1608","c_platform_access_friend_share_reward","server_to_client"
"1609","c_league_tech_buy_week","server_to_client"
"1610","c_login_player_del","server_to_client"
"1611","s_task_enter_stage","client_to_server"
"1612","s_act_seven_day_buy","client_to_server"
"1613","c_group_display_boss","server_to_client"
"1614","s_office_info","client_to_server"
"1615","c_usj_task_update","server_to_client"
"1616","s_item_lock","client_to_server"
"1617","s_act_consume_get","client_to_server"
"1618","c_welfare_strength_supply","server_to_client"
"1619","c_usj_get_zone_reward","server_to_client"
"1620","s_growth_fund_reward","client_to_server"
"1621","s_grid_box_info","client_to_server"
"1622","c_stage_damage_info","server_to_client"
"1623","c_ping_fight_list","server_to_client"
"1624","c_card_combat_force","server_to_client"
"1625","c_toplist_page","server_to_client"
"1626","c_item_special_list","server_to_client"
"1627","c_league_boss_total_damage","server_to_client"
"1628","c_stage_play_sync","server_to_client"
"1629","c_equip_attr_switch","server_to_client"
"1630","c_home_role_mood_update","server_to_client"
"1631","c_pay_check","server_to_client"
"1632","c_act_baohao_practice_sync_info","server_to_client"
"1633","s_crosspvp_set_pos","client_to_server"
"1634","c_achieve_chgstatus","server_to_client"
"1635","c_secret_area_time_record_update","server_to_client"
"1636","c_group_team_be_invited","server_to_client"
"1637","c_secret_refuse_key","server_to_client"
"1638","c_secret_area_jump_key","server_to_client"
"1639","s_usj_end_stage","client_to_server"
"1640","s_league_tech_modify_notic","client_to_server"
"1641","c_scene_shape_change","server_to_client"
"1642","c_act_daily_stage_result","server_to_client"
"1643","s_pressure_task_reward","client_to_server"
"1644","s_act_mini_game_enter","client_to_server"
"1645","c_scene_hero_change","server_to_client"
"1646","s_theater_open","client_to_server"
"1647","c_business_extend_report_reward","server_to_client"
"1648","s_act_client_trigger","client_to_server"
"1649","c_rune_overload","server_to_client"
"1650","s_battlefield_task_update","client_to_server"
"1651","s_friend_apply","client_to_server"
"1652","s_rogue_endless_end","client_to_server"
"1653","c_scene_obj_delete","server_to_client"
